person_id,full_name,birth_date,nationality,gender,primary_profession,secondary_profession,active_years_start,active_years_end,total_directed,total_acted,total_produced,total_written,awards_won,award_nominations,debut_film_id,official_website,social_media_handle,height_cm,is_deceased
PER-1001,Leonardo DiCaprio,1974-11-11,American,Male,Actor,Producer,1989,NULL,0,47,8,0,24,165,MOV-2025,NULL,@leonardodicaprio,183,FALSE
PER-1002,Christopher Nolan,1970-07-30,British,Male,Director,Screenwriter,1998,NULL,12,0,12,12,15,130,MOV-2026,NULL,NULL,180,FALSE
PER-1003,Meryl Streep,1949-06-22,American,Female,Actress,NULL,1977,NULL,0,74,0,0,157,356,MOV-2027,NULL,NULL,168,FALSE
PER-1004,Steven Spielberg,1946-12-18,American,Male,Director,Producer,1959,NULL,33,0,175,5,180,394,MOV-2028,NULL,NULL,172,FALSE
PER-1005,Viola Davis,1965-08-11,American,Female,Actress,Producer,1996,NULL,0,65,9,0,158,276,MOV-2029,NULL,@violadavis,165,FALSE
PER-1006,Quentin Tarantino,1963-03-27,American,Male,Director,Screenwriter,1987,NULL,10,19,17,17,36,155,MOV-2030,NULL,NULL,188,FALSE
PER-1007,Frances McDormand,1957-06-23,American,Female,Actress,Producer,1984,NULL,0,47,5,0,91,189,MOV-2031,NULL,NULL,165,FALSE
PER-1008,Martin Scorsese,1942-11-17,American,Male,Director,Producer,1959,NULL,25,5,91,12,94,237,MOV-2032,NULL,NULL,163,FALSE
PER-1009,Cate Blanchett,1969-05-14,Australian,Female,Actress,Producer,1990,NULL,0,77,7,1,114,287,MOV-2033,NULL,NULL,174,FALSE
PER-1010,Hayao Miyazaki,1941-01-05,Japanese,Male,Director,Animator,1963,NULL,11,0,6,14,45,84,MOV-2034,NULL,NULL,164,FALSE
PER-1011,Denzel Washington,1954-12-28,American,Male,Actor,Director,1977,NULL,4,57,10,0,87,253,MOV-2035,NULL,NULL,185,FALSE
PER-1012,Bong Joon-ho,1969-09-14,South Korean,Male,Director,Screenwriter,1994,NULL,7,0,5,7,85,158,MOV-2036,NULL,NULL,174,FALSE
PER-1013,Emma Stone,1988-11-06,American,Female,Actress,Producer,2005,NULL,0,37,5,0,53,147,MOV-2037,NULL,NULL,168,FALSE
PER-1014,James Cameron,1954-08-16,Canadian,Male,Director,Screenwriter,1978,NULL,9,0,25,16,125,221,MOV-2038,NULL,NULL,187,FALSE
PER-1015,Mahershala Ali,1974-02-16,American,Male,Actor,NULL,2004,NULL,0,42,0,0,62,95,MOV-2039,NULL,@mahershalaali,189,FALSE
PER-1016,Sofia Coppola,1971-05-14,American,Female,Director,Screenwriter,1972,NULL,8,8,12,9,41,106,MOV-2040,NULL,NULL,163,FALSE
PER-1017,Tom Hanks,1956-07-09,American,Male,Actor,Producer,1980,NULL,1,87,58,2,92,177,MOV-2041,NULL,@tomhanks,183,FALSE
PER-1018,Greta Gerwig,1983-08-04,American,Female,Director,Actress,2006,NULL,4,26,6,6,27,132,MOV-2042,NULL,NULL,173,FALSE
PER-1019,Anthony Hopkins,1937-12-31,British,Male,Actor,Director,1960,NULL,2,91,1,0,63,141,MOV-2043,NULL,@anthonyhopkins,175,FALSE
PER-1020,Alfonso Cuarón,1961-11-28,Mexican,Male,Director,Screenwriter,1983,NULL,8,0,16,15,78,184,MOV-2044,NULL,NULL,178,FALSE
PER-1021,Saoirse Ronan,1994-04-12,Irish,Female,Actress,NULL,2003,NULL,0,31,0,0,52,173,MOV-2045,NULL,NULL,168,FALSE
PER-1022,Jordan Peele,1979-02-21,American,Male,Director,Actor,2003,NULL,3,25,12,7,26,87,MOV-2046,NULL,@jordanpeele,178,FALSE
PER-1023,Joaquin Phoenix,1974-10-28,American,Male,Actor,Producer,1982,NULL,0,51,4,0,81,214,MOV-2047,NULL,NULL,173,FALSE
PER-1024,Kathryn Bigelow,1951-11-27,American,Female,Director,Producer,1978,NULL,10,0,8,3,54,127,MOV-2048,NULL,NULL,180,FALSE
PER-1025,Daniel Day-Lewis,1957-04-29,British-Irish,Male,Actor,NULL,1971,2017,0,22,0,0,142,207,MOV-2049,NULL,NULL,187,FALSE
PER-1026,Wes Anderson,1969-05-01,American,Male,Director,Screenwriter,1994,NULL,10,1,12,12,47,198,MOV-2050,NULL,NULL,175,FALSE
PER-1027,Scarlett Johansson,1984-11-22,American,Female,Actress,Producer,1994,NULL,1,68,9,0,68,210,MOV-2051,NULL,NULL,160,FALSE
PER-1028,Denis Villeneuve,1967-10-03,Canadian,Male,Director,Screenwriter,1988,NULL,10,0,5,5,34,162,MOV-2052,NULL,NULL,186,FALSE
PER-1029,Lupita Nyong'o,1983-03-01,Kenyan-Mexican,Female,Actress,Producer,2008,NULL,0,23,2,0,47,85,MOV-2053,NULL,@lupitanyongo,165,FALSE
PER-1030,Guillermo del Toro,1964-10-09,Mexican,Male,Director,Screenwriter,1985,NULL,11,3,26,18,78,184,MOV-2054,NULL,@realgdt,178,FALSE
PER-1031,Robert De Niro,1943-08-17,American,Male,Actor,Producer,1963,NULL,2,112,43,0,68,162,MOV-2055,NULL,NULL,177,FALSE
PER-1032,Ava DuVernay,1972-08-24,American,Female,Director,Producer,2008,NULL,6,0,18,8,41,94,MOV-2056,NULL,@ava,168,FALSE
PER-1033,Gary Oldman,1958-03-21,British,Male,Actor,Director,1982,NULL,1,87,3,3,73,176,MOV-2057,NULL,NULL,174,FALSE
PER-1034,Damien Chazelle,1985-01-19,American,Male,Director,Screenwriter,2009,NULL,5,0,6,6,34,115,MOV-2058,NULL,NULL,175,FALSE
PER-1035,Jennifer Lawrence,1990-08-15,American,Female,Actress,Producer,2006,NULL,0,32,5,0,121,275,MOV-2059,NULL,NULL,175,FALSE
PER-1036,Spike Lee,1957-03-20,American,Male,Director,Screenwriter,1977,NULL,34,14,47,25,63,196,MOV-2060,NULL,@officialspikelee,168,FALSE
PER-1037,Meryl Streep,1949-06-22,American,Female,Actress,NULL,1977,NULL,0,74,0,0,157,356,MOV-2061,NULL,NULL,168,FALSE
PER-1038,David Fincher,1962-08-28,American,Male,Director,Producer,1980,NULL,11,0,29,0,34,157,MOV-2062,NULL,NULL,184,FALSE
PER-1039,Chadwick Boseman,1976-11-29,American,Male,Actor,Producer,2003,2020,0,30,3,0,41,59,MOV-2063,NULL,NULL,183,TRUE
PER-1040,Chloé Zhao,1982-03-31,Chinese,Female,Director,Screenwriter,2010,NULL,4,0,4,4,58,119,MOV-2064,NULL,NULL,163,FALSE
PER-1041,Al Pacino,1940-04-25,American,Male,Actor,Producer,1969,NULL,2,59,7,0,45,169,MOV-2065,NULL,NULL,170,FALSE
PER-1042,Jane Campion,1954-04-30,New Zealander,Female,Director,Screenwriter,1982,NULL,8,0,9,10,57,135,MOV-2066,NULL,NULL,173,FALSE
PER-1043,Samuel L. Jackson,1948-12-21,American,Male,Actor,Producer,1972,NULL,0,156,7,0,27,84,MOV-2067,NULL,@samuelljackson,189,FALSE
PER-1044,Yorgos Lanthimos,1973-09-23,Greek,Male,Director,Screenwriter,1995,NULL,8,1,6,9,48,177,MOV-2068,NULL,NULL,175,FALSE
PER-1045,Brad Pitt,1963-12-18,American,Male,Actor,Producer,1987,NULL,0,84,59,0,54,168,MOV-2069,NULL,NULL,180,FALSE
PER-1046,Ang Lee,1954-10-23,Taiwanese,Male,Director,Producer,1982,NULL,14,0,9,1,63,147,MOV-2070,NULL,NULL,175,FALSE
PER-1047,Margot Robbie,1990-07-02,Australian,Female,Actress,Producer,2008,NULL,0,34,15,0,37,123,MOV-2071,NULL,@margotrobbie,168,FALSE
PER-1048,George Miller,1945-03-03,Australian,Male,Director,Screenwriter,1971,NULL,12,0,20,15,36,84,MOV-2072,NULL,NULL,179,FALSE
PER-1049,Natalie Portman,1981-06-09,Israeli-American,Female,Actress,Director,1994,NULL,2,49,5,1,63,164,MOV-2073,NULL,NULL,160,FALSE
PER-1050,Pete Docter,1968-10-09,American,Male,Director,Animator,1990,NULL,4,5,17,9,32,95,MOV-2074,NULL,NULL,193,FALSE