Index,Name,Description,Brand,Category,Price,Currency,Stock,EAN,Color,Size,Availability,Internal ID
1,Thermostat Drone Heater,Consumer approach woman us those star.,Bradford-Yu,Kitchen Appliances,74,USD,139,8619793560985,Orchid,Medium,backorder,38
2,Ultra Speaker Iron Grill Advanced One,Point suggest easy money operation could white.,Douglas Group,Fitness Equipment,510,USD,351,3057216124300,MediumSeaGreen,Small,backorder,27
3,Watch Headphones Kettle,Reach husband education.,Landry-Austin,Beauty & Personal Care,254,USD,409,9825254410556,Lavender,XXL,pre_order,2
4,Portable Toaster Clock Monitor Silent,Always choose school poor table main.,"Odom, Norton and Foster",Makeup,69,USD,119,9490814777808,Pink,XL,in_stock,94
5,Pro Toaster Oven,Worry put discuss easy back too career.,"Fowler, Mendoza and Mcdaniel",Automotive,525,USD,727,4726650403799,LightCoral,XL,in_stock,95
6,Mini Speakerphone Mixer,Tell figure discussion chair red keep tough.,Burton-Gould,Team Sports,413,USD,566,9016454988741,OliveDrab,Medium,out_of_stock,44
7,Eco Cooler Printer Speaker Prime Prime,Cover close myself camera red evening.,"Soto, Raymond and Doyle",Health & Wellness,621,USD,245,4116090222997,Moccasin,Extra Large,limited_stock,1
8,Webcam Trimmer Projector,Fear fight until market court worry security trouble.,"Padilla, Dunn and Pruitt",Laptops & Computers,414,USD,559,4970509402222,HoneyDew,XL,limited_stock,27
9,Silent Headphones Stove Wireless Air Clean,Truth gun Democrat commercial.,Hughes and Sons,Home & Kitchen,858,USD,525,4349285091157,Chocolate,5x7 in,discontinued,16
10,Wireless Charger Air Premium Ultra,Public security home.,Mcbride-Wyatt,Health & Wellness,153,USD,550,1301175488525,MediumPurple,S,in_stock,4
11,Portable Fan Monitor Toaster Pro Smart Air,Number create north effect deep third hard.,"Wilkins, Horne and Farrell",Health & Wellness,738,USD,417,5524070542772,LightPink,12x18 in,limited_stock,44
12,Mini Iron Drone,Small meet inside career walk company.,"Miranda, Lucero and Blevins",Shoes & Footwear,367,USD,511,1842348818614,WhiteSmoke,S,in_stock,44
13,Smart Grill Tablet Fridge Sense,Eat describe discussion today.,Marshall Group,Grooming Tools,867,USD,679,5099801218115,SaddleBrown,XL,discontinued,37
14,Portable Grill Air Edge,Probably someone several moment if.,Tanner LLC,Clothing & Apparel,356,USD,904,1607017968263,DarkBlue,S,backorder,88
15,Premium Brush Scale Grill Plus Plus,Fire your stuff.,Mathews and Sons,Smartwatches,439,USD,987,6130539086788,MintCream,M,out_of_stock,71
16,Vacuum Router Toaster,Work subject ten firm more price.,Stephenson PLC,Team Sports,245,USD,412,3512687913957,LightSeaGreen,L,out_of_stock,6
17,Digital Clock Lock Eco Premium Portable,On ago smile stop.,Leonard LLC,Office Supplies,999,USD,14,1286011880117,SeaShell,XL,in_stock,83
18,Fast Watch Microphone Microphone,Behind home imagine enter think next whole cell.,"Montes, Hickman and Stout",Haircare,868,USD,416,9792206732649,Fuchsia,M,limited_stock,66
19,Clean Dock Mixer Router,Democratic cost use air data push.,Matthews Ltd,Toys & Games,411,USD,202,8630605129268,Ivory,Large,discontinued,51
20,Cooker Brush,Human office industry threat blue.,Contreras-Bonilla,Headphones & Earbuds,280,USD,124,4047379348117,Orchid,50x70 cm,limited_stock,39
21,Premium Cooler Premium Sense,Though knowledge hand.,Greene-Ayers,"Accessories (Bags, Hats, Belts)",448,USD,634,0339997175201,Magenta,M,in_stock,92
22,Digital Powerbank Rechargeable Wireless,Few from outside role.,Hanna Group,Health & Wellness,612,USD,413,5054430234554,SkyBlue,S,pre_order,38
23,Digital Drone Advanced,Send speech product member.,Quinn-Fields,Clothing & Apparel,517,USD,738,1139779817522,AliceBlue,Medium,discontinued,35
24,Automatic Thermostat Drone Heater,Learn raise possible easy treatment.,Livingston-Steele,Kitchen Appliances,182,USD,86,7050318636401,Lavender,XL,discontinued,75
25,Clean Webcam Powerbank Portable Compact,Investment ability bring recognize meeting husband guess.,"Pearson, Hubbard and Woodward",Toys & Games,935,USD,415,8582074240015,MediumVioletRed,S,discontinued,14
26,Headphones,To even operation down.,"Zavala, Pugh and Wiley",Team Sports,35,USD,527,8967724306103,Salmon,Large,backorder,85
27,Fan Iron Cooker,Body perhaps own south always common never.,Mcfarland-Buck,Health & Wellness,926,USD,848,5115223259113,SlateBlue,Large,limited_stock,16
28,Wireless Printer Fan Compact Plus,Network financial draw sport season push nation.,Kirby and Sons,Home & Kitchen,934,USD,479,4948634974969,SeaGreen,10x10 cm,out_of_stock,7
29,Ultra Projector Rechargeable,Care environment stay might rock guess.,"Owen, Caldwell and Salazar",Books & Stationery,282,USD,953,0482569332059,Khaki,S,pre_order,12
30,Blender Toaster Camera,Great might hair occur certainly.,Montoya Group,Books & Stationery,90,USD,680,4595536376539,Sienna,Large,in_stock,72
31,Treadmill,Role hotel test meeting probably reduce.,"Franklin, Liu and Evans",Toys & Games,537,USD,646,3194115967840,DarkViolet,L,in_stock,93
32,Portable Webcam Powerbank Rechargeable Advanced,Enter decade indicate.,Harrison Ltd,Fitness Equipment,177,USD,710,3364245845640,Khaki,8x10 in,in_stock,24
33,Fan Phone,Term collection whatever the.,Kennedy-Weiss,Camping & Hiking,335,USD,921,0730639145543,SkyBlue,50x70 cm,pre_order,53
34,Pro Stove Eco Smart,Consumer leave media wrong nor word.,"Joyce, Mcdonald and Maldonado",Cycling,663,USD,695,3784103867582,Crimson,XXL,discontinued,18
35,Charger,Phone mention really reach.,"Mills, Mendez and Waller",Fitness Equipment,596,USD,52,8414274814911,Green,L,discontinued,86
36,Fan Phone,Smile market would trouble center.,Maldonado PLC,Laptops & Computers,385,USD,219,9543170012974,Orchid,10x10 cm,pre_order,36
37,Fan Powerbank,Your tree never bit each this rock.,"Payne, Joseph and Ponce",Kids' Clothing,825,USD,93,0877671751360,DarkSlateGray,8x10 in,backorder,38
38,Premium Router Lamp,Daughter interesting ball way.,Roman and Sons,Home Decor,245,USD,243,3030338950781,SlateBlue,100x200 mm,in_stock,5
39,Smart Keyboard Toaster Monitor,State almost summer board church tree former.,Duarte Ltd,Cameras & Accessories,573,USD,671,5823126077900,DarkGoldenRod,Large,pre_order,98
40,Pro Iron Drone Ultra,Like find store police single.,Rogers Ltd,Shoes & Footwear,536,USD,188,1170593512927,GhostWhite,Medium,out_of_stock,53
41,Fan,Thing least interest around building table.,"Shaffer, Bowers and Parrish",Books & Stationery,783,USD,56,6867074040936,Magenta,XS,backorder,48
42,Fast Cooler Prime Advanced,Particularly gas security land.,Hartman LLC,Team Sports,181,USD,117,1914188006817,LightSlateGray,M,pre_order,32
43,Advanced Webcam Printer,Argue maybe TV media change it.,"Montoya, Barnes and Haley","Accessories (Bags, Hats, Belts)",914,USD,136,8004024210829,Cyan,12x18 in,in_stock,37
44,Premium Scooter,Where direction produce company employee edge thus news.,Cowan and Sons,Team Sports,486,USD,773,2459455666978,Aqua,12x18 in,in_stock,77
45,Eco Vacuum Iron Phone Clean One Max,Ten heart tree see movie.,"Beltran, Khan and Proctor",Office Supplies,20,USD,397,1185741533846,DarkOliveGreen,15x20 cm,in_stock,26
46,Clean Drone Heater Scanner Digital Eco Rechargeable,Million process south including.,Mckee Ltd,Kids' Clothing,162,USD,322,7465709948634,ForestGreen,Extra Large,limited_stock,29
47,Portable Drone Heater Scanner Lite Premium,Trial visit me model simple beat idea each.,Roth-Maddox,Office Supplies,363,USD,850,1741197555490,PeachPuff,L,backorder,14
48,Ultra Brush,Ahead doctor reflect seven buy reason.,"Ware, Singh and Holloway",Makeup,818,USD,491,2902331849410,DarkViolet,5x7 in,discontinued,5
49,Charger Lock Oven,Old head military most enjoy sense.,Sellers LLC,Health & Wellness,84,USD,947,1255217560796,MintCream,50x70 cm,backorder,80
50,Automatic Clock Lock Digital Touch,Gas look modern.,Hess-Daniel,Automotive,549,USD,303,8030445331355,PaleGreen,XS,out_of_stock,17
51,Cooker Cooler,Man could who manage.,Figueroa-Bowen,Shoes & Footwear,643,USD,744,7463723263634,DarkGoldenRod,L,limited_stock,94
52,Iron Heater,Another method past do wind sometimes.,"Garcia, Salazar and Roberson",Headphones & Earbuds,459,USD,769,6649147993994,Gainsboro,Extra Large,in_stock,38
53,Advanced Powerbank Touch Max,Current care cover cause indicate experience purpose.,"Price, Ford and Shaw",Office Supplies,273,USD,582,5375360832864,DarkSlateBlue,100x200 mm,backorder,85
54,Digital Projector Oven Thermostat Pro,House close service wall expert economic.,Pena-Schultz,Laptops & Computers,306,USD,653,3713851304179,Red,L,backorder,83
55,Eco Grill Automatic,Avoid television area election their reduce now size.,Burns-Chavez,Grooming Tools,976,USD,306,9988532698722,Cornsilk,Small,limited_stock,45
56,Smart Tablet Speaker Scooter,Soldier local lay.,Dudley-Johnson,Smartphones,980,USD,984,8265741663415,PaleGreen,M,pre_order,63
57,Eco Toaster Oven Eco Compact Wireless,Assume something defense race.,"Bonilla, Robbins and Hayes",Clothing & Apparel,565,USD,394,6964020347979,Cyan,L,in_stock,65
58,Premium Cooler Digital Max,Manager finally now.,Merritt-Maddox,Books & Stationery,887,USD,501,2022772598583,Lime,Medium,out_of_stock,3
59,Clean Camera Drone Fan One Max,Fact bit also look particular Congress know.,Beasley-Valdez,Men's Clothing,466,USD,539,8745964151413,Salmon,12x18 in,out_of_stock,2
60,Fan Drone Monitor,College which care Democrat.,Goodwin LLC,Health & Wellness,542,USD,7,4048015603058,PaleTurquoise,L,in_stock,3
61,Smart Heater Toaster Stove 360 Premium,At forget side major finally past.,Stephens-Keller,Cameras & Accessories,919,USD,536,1796669782270,White,8x10 in,backorder,25
62,Advanced Toaster Scanner,Again always include past later drive outside yet.,Jackson-Wall,Bedding & Bath,310,USD,874,4148682002878,Magenta,100x200 mm,out_of_stock,55
63,Automatic Camera Monitor Charger,Large really present up.,"Mack, Morris and Wall",Grooming Tools,873,USD,679,3437041461205,Purple,15x20 cm,backorder,19
64,Wireless Grill Grill Silent,Shake movie room site.,Armstrong-Ramirez,Kitchen Appliances,181,USD,608,8033899862000,LightPink,XS,out_of_stock,26
65,Fast Clock Brush Prime,Himself fine degree factor skin final participant.,Owen Ltd,Fishing & Hunting,80,USD,221,8257162865332,MediumBlue,S,limited_stock,57
66,Digital Keyboard,Subject protect difficult discover fire call picture.,"Nash, Newton and Hodge",Smartphones,989,USD,756,7003004510462,Tomato,100x200 mm,backorder,91
67,Fast Tablet,Area leave there affect.,"Finley, Rush and Hawkins",Furniture,567,USD,46,2313223888583,SaddleBrown,50x70 cm,discontinued,26
68,Fan Powerbank,Participant learn wish it magazine.,"Mcmillan, Robertson and Norris","Accessories (Bags, Hats, Belts)",660,USD,677,3577348784451,LavenderBlush,12x18 in,backorder,69
69,Heater Radio,So without hotel great.,Hebert-Costa,Men's Clothing,347,USD,113,8958588341201,OldLace,100x200 mm,pre_order,47
70,Bicycle Scooter,Involve position military involve.,"Gordon, Peck and Hurley",Skincare,866,USD,836,2032328228949,Red,15x20 cm,discontinued,44
71,Ultra Freezer Smart X Prime,Conference table song.,Santana Inc,Laptops & Computers,990,USD,641,2240647170348,OliveDrab,Small,limited_stock,19
72,Advanced Drone Heater Scanner Wireless,Stop rise speak far.,Shea-Wang,"Accessories (Bags, Hats, Belts)",908,USD,533,0284330262509,Aqua,Small,out_of_stock,5
73,Light Heater Clock,Already yet war cold.,Richards-Hess,Home Decor,489,USD,779,2382522721976,Chocolate,50x70 cm,pre_order,78
74,Smart Fan Touch Rechargeable Fast,Mouth give follow ground act win treat.,Calderon PLC,Health & Wellness,971,USD,326,3072154119522,OldLace,XS,backorder,81
75,Heater,Wrong we discover seat center federal support fight.,Spencer Group,Cleaning Supplies,757,USD,59,1578528285425,Pink,S,discontinued,57
76,Silent Iron Monitor Eco,Bit quite light draw occur product begin.,Cochran-Burton,Automotive,892,USD,895,6690843857196,DarkCyan,8x10 in,backorder,73
77,Eco Oven Mouse Cooler Touch Wireless Advanced,Development another ball individual herself.,Roth-Bates,Laptops & Computers,348,USD,554,5693298101310,DarkGoldenRod,Small,out_of_stock,75
78,Premium Charger Bicycle Fan Eco,Draw company own third strong.,Frost-Richmond,Sports & Outdoors,769,USD,998,6146061110839,Cornsilk,15x20 cm,limited_stock,28
79,Microphone Heater,Hold song fish senior expect.,Joseph-Chan,Toys & Games,200,USD,177,5317647504750,Aquamarine,XS,discontinued,85
80,Mixer,Southern mention door among its theory.,Foley and Sons,Fragrances,490,USD,915,9858968025990,DarkOrange,8x10 in,discontinued,8
81,Advanced Thermostat Eco,Could south within allow level sense prove.,Patrick Group,Smartwatches,329,USD,110,5352886873977,Bisque,S,discontinued,26
82,Eco Printer Advanced,Know gun sing course.,"Mcknight, Rosales and Valencia",Health & Wellness,576,USD,711,8810036231215,Thistle,10x10 cm,backorder,29
83,Scanner Drone,Watch that term somebody rest happy.,Burton-Matthews,Smartwatches,823,USD,944,8854371646754,Moccasin,Small,in_stock,95
84,Eco Cooler Treadmill Rechargeable,Safe each whom rich that live image.,Chung Ltd,Laptops & Computers,119,USD,907,8881417327940,DarkSlateBlue,50x70 cm,discontinued,81
85,Fan,Right sea prevent country painting.,Dickson-Vega,Health & Wellness,406,USD,425,0889943935729,MidnightBlue,Small,pre_order,93
86,Mini Treadmill Dock Compact,News into find floor government candidate bed.,Christian and Sons,Smartwatches,371,USD,895,9900123323035,Pink,30x40 cm,in_stock,7
87,Portable Blender Wireless,Believe indicate seven us.,"Faulkner, Daugherty and Molina",Cycling,798,USD,477,7202269193896,Silver,100x200 mm,limited_stock,92
88,Portable Iron Monitor Premium Pro Eco,End from send.,Vincent Group,Cycling,20,USD,182,7300216020865,Thistle,XS,backorder,18
89,Scooter Scale Cooler,Trip that like better.,Huff-Morrow,Fragrances,765,USD,4,0628720533440,Magenta,15x20 cm,pre_order,4
90,Freezer,Investment resource speak improve building people.,Webb-Roman,Home Decor,765,USD,566,9675664789021,BlueViolet,XS,in_stock,93
91,Advanced Blender,Republican billion activity very contain poor.,"Duarte, Cisneros and Fitzpatrick",Office Supplies,517,USD,210,9928200624301,Gold,10x10 cm,out_of_stock,25
92,Digital Radio Radio Pro,Pretty quickly around maintain eight.,Ochoa and Sons,Fragrances,536,USD,504,9742020402839,Green,XS,out_of_stock,9
93,Ultra Kettle,Market camera federal like.,Mcgrath PLC,Skincare,650,USD,885,0163914099697,Brown,XXL,in_stock,72
94,Silent Lock Thermostat Air Touch,Participant course paper scene foreign.,"Huber, Clark and Griffith",Fishing & Hunting,974,USD,522,9227503850722,Turquoise,XS,discontinued,47
95,Iron,Current protect federal huge design.,Silva and Sons,Makeup,59,USD,764,1540364040582,DarkSlateGray,15x20 cm,in_stock,57
96,Digital Scanner Rechargeable Ultra Prime,Suffer ability specific job audience court.,Pham-Erickson,Skincare,867,USD,948,3816094547584,GhostWhite,Large,discontinued,25
97,Advanced Blender Toaster Camera,Low month none Congress certain build history.,Barr-Riley,Cleaning Supplies,371,USD,627,5274141861805,LightSlateGray,15x20 cm,limited_stock,38
98,Automatic Watch Thermostat Clean,Nation then begin clearly part structure executive.,Sutton Group,Bedding & Bath,320,USD,98,5349507341465,LightGray,XS,backorder,31
99,Microphone Treadmill Oven,Minute myself smile doctor present.,Reese-Cox,Beauty & Personal Care,757,USD,887,1096763880217,Bisque,8x10 in,backorder,98
100,Premium Powerbank Iron Brush Edge Prime,I open cold year.,Wong-Perez,Smartphones,669,USD,903,8986948284691,LavenderBlush,8x10 in,pre_order,99